contrast,site_sys,ratio,std.error,df,z.ratio,p.value,loo,SE,asymp.LCL,asymp.UCL
ccrye / no,Central_B42_grain,2.3300256084623836,0.8260711687178988,Inf,2.385896528144922,0.017037543952095183,0,0.8260711687178988,1.3004680347353474,4.174665728862253
ccrye / no,Central_B44_grain,0.8365411380216489,0.2875831163161279,Inf,-0.5191734262107808,0.6036398084108561,0,0.2875831163161279,0.4752370866092985,1.4725304386395148
ccrye / no,Central_B44_silage,0.3884807594158448,0.1296666180274829,Inf,-2.832749738262149,0.004614950109141857,0,0.1296666180274829,0.22435429439209556,0.6726739991549217
ccrye / no,East_S_grain,0.6530818374469103,0.25578160018261825,Inf,-1.0878318312029478,0.27666935445789415,0,0.25578160018261825,0.3429176182755157,1.2437852815726433
ccrye / no,West_F_grain,0.6994261046529294,0.2503717220276557,Inf,-0.9986807802013324,0.317949354115302,0,0.2503717220276557,0.3881749826417689,1.260248335790951
ccrye / no,Central_B42_grain,2.634123218411072,1.08497777888187,Inf,2.3514592644885397,0.01869993704340108,1,1.08497777888187,1.3378263200695717,5.1864767688316
ccrye / no,Central_B44_grain,0.839364111907139,0.30025130613444234,Inf,-0.4895286724859816,0.6244674603490767,1,0.30025130613444234,0.466034357959712,1.511760024394094
ccrye / no,Central_B44_silage,0.3885329522979888,0.1352116846187199,Inf,-2.7165568708336925,0.006596486112598393,1,0.1352116846187199,0.2191945160494526,0.6886935756519272
ccrye / no,East_S_grain,0.6539593825425696,0.26604954256018004,Inf,-1.0439526037353426,0.2965073186066317,1,0.26604954256018004,0.334913180762668,1.276936527375782
ccrye / no,West_F_grain,0.699391453611691,0.26189202874851003,Inf,-0.9548350535686864,0.3396611175929155,1,0.26189202874851003,0.3777692814868252,1.2948337235359175
ccrye / no,Central_B42_grain,2.001124425931172,0.7622058767250017,Inf,1.8212907275183008,0.06856267520062714,2,0.7622058767250017,1.069512476401656,3.7442283810763795
ccrye / no,Central_B44_grain,0.8348883712795884,0.28027509995588673,Inf,-0.5375492139478144,0.5908882999213796,2,0.28027509995588673,0.48063810697538223,1.4502358060710017
ccrye / no,Central_B44_silage,0.38843455035060725,0.12643595954377804,Inf,-2.9051513091063157,0.003670756000837163,2,0.12643595954377804,0.2274027463518326,0.6634985826980205
ccrye / no,East_S_grain,0.6523821963649596,0.2498043931921283,Inf,-1.1154669662839451,0.2646503666225419,2,0.2498043931921283,0.34751153100486626,1.2247148429961277
ccrye / no,West_F_grain,0.6994781079945298,0.2436634109574758,Inf,-1.0260383837651748,0.30487349178170337,2,0.2436634109574758,0.3943935376806675,1.2405619687403673
ccrye / no,Central_B42_grain,2.4267892580802637,0.9385522500730021,Inf,2.2923778038989804,0.02188385170021045,3,0.9385522500730021,1.2845747229142754,4.5846348975113465
ccrye / no,Central_B44_grain,0.8367883858639026,0.2874972072754622,Inf,-0.5186219286984138,0.6040244140772566,3,0.2874972072754622,0.4755372762999346,1.4724709031539107
ccrye / no,Central_B44_silage,0.3883935658000978,0.12954507067927978,Inf,-2.835444201807084,0.004576200821791523,3,0.12954507067927978,0.22439177118704412,0.6722597765368707
ccrye / no,East_S_grain,0.652582865526807,0.2555141205456095,Inf,-1.0900906720058272,0.2756732048802024,3,0.2555141205456095,0.34271785829398427,1.2426092952934804
ccrye / no,West_F_grain,0.6994291748550734,0.25017609725286155,Inf,-0.9994538119908438,0.31757490306454,3,0.25017609725286155,0.3883563130498744,1.2596709624638533
ccrye / no,Central_B42_grain,2.0147134638997737,0.7729963031543302,Inf,1.8257013708229788,0.0678952565952983,4,0.7729963031543302,1.07185078322419,3.78697334101777
ccrye / no,Central_B44_grain,0.8367634242042967,0.28878802793145125,Inf,-0.5163748328421779,0.6055926397855753,4,0.28878802793145125,0.4743100276580895,1.476192758443694
ccrye / no,Central_B44_silage,0.38851467014821445,0.13021346820941274,Inf,-2.8208389969893926,0.004789823576922585,4,0.13021346820941274,0.22386573663366655,0.6742597200900814
ccrye / no,East_S_grain,0.6532917706036505,0.2568216499903171,Inf,-1.0829571504058857,0.2788274428973163,4,0.2568216499903171,0.34220159476138395,1.2471892126512505
ccrye / no,West_F_grain,0.6994415149229735,0.2514959817496919,Inf,-0.9941770187027333,0.32013669435147757,4,0.2514959817496919,0.38716360075615824,1.2635961434449556
ccrye / no,Central_B42_grain,2.7626776383821,1.0485043978346489,Inf,2.6775605703841796,0.007416044234715813,5,1.0485043978346489,1.4798456493730487,5.157556625483229
ccrye / no,Central_B44_grain,0.8343247617331967,0.27813669373532157,Inf,-0.5433420865010649,0.586894292077742,5,0.27813669373532157,0.48216294557983586,1.4436982651249721
ccrye / no,Central_B44_silage,0.38842793945128623,0.12550335887237274,Inf,-2.9267420096276835,0.0034253289208224084,5,0.12550335887237274,0.22829662207604856,0.6608782152550345
ccrye / no,East_S_grain,0.652249272218904,0.24808750808448876,Inf,-1.1234934245907824,0.2612279916512507,5,0.24808750808448876,0.348903503461932,1.2193317318079253
ccrye / no,West_F_grain,0.6994881085653015,0.24171880572573978,Inf,-1.0342661812368068,0.3010117422999973,5,0.24171880572573978,0.396210044508155,1.2349096667441815
ccrye / no,Central_B42_grain,1.7304071475556586,0.692475559235047,Inf,1.3702727638845291,0.17060177174381408,6,0.692475559235047,0.895939881793669,3.3420868488598963
ccrye / no,Central_B44_grain,0.8376944172517045,0.29615678683178165,Inf,-0.5009416679673301,0.6164121763391444,6,0.29615678683178165,0.46831219577325506,1.498427636581204
ccrye / no,Central_B44_silage,0.3887087209962063,0.13363091638065966,Inf,-2.74861985610878,0.0059846750057381114,6,0.13363091638065966,0.22082263406863964,0.6842345234028
ccrye / no,East_S_grain,0.6549850659444733,0.26325595179682276,Inf,-1.0527862389723548,0.2924389732553728,6,0.26325595179682276,0.3381541752185736,1.268668163960976
ccrye / no,West_F_grain,0.6993054035046687,0.25845108448638265,Inf,-0.9677613380964425,0.3331635765329314,6,0.25845108448638265,0.3807634590024163,1.2843355521878588
ccrye / no,Central_B42_grain,1.7818092900587232,0.6696469742142336,Inf,1.536966936608561,0.12430140623134389,7,0.6696469742142336,0.960264583730909,3.30621830683828
ccrye / no,Central_B44_grain,0.8338968097761489,0.27776153128674536,Inf,-0.5453372069158614,0.5855216188331971,7,0.27776153128674536,0.4821366852226833,1.4422961593010981
ccrye / no,Central_B44_silage,0.38853450781630655,0.12543747293258928,Inf,-2.9282329858131138,0.003408944938558753,7,0.12543747293258928,0.228456261384807,0.6607788416435093
ccrye / no,East_S_grain,0.6531964868504456,0.2480891098049301,Inf,-1.1212969161367938,0.2621614978026814,7,0.2480891098049301,0.34972592371515604,1.220000067199119
ccrye / no,West_F_grain,0.6995875635527654,0.2415499440168463,Inf,-1.0347246030146857,0.3007975427702675,7,0.2415499440168463,0.39645577158636425,1.2344952303742118
ccrye / no,Central_B42_grain,3.1441973014899527,1.1511738451124345,Inf,3.12886047633419,0.001754856134939993,8,1.1511738451124345,1.7217378913765435,5.741859269178761
ccrye / no,Central_B44_grain,0.8333752270825059,0.2783471340238323,Inf,-0.5457227879342399,0.5852565052130717,8,0.2783471340238323,0.4811135248346847,1.4435559036787835
ccrye / no,Central_B44_silage,0.3886630848136936,0.12585332346640407,Inf,-2.9185014012396007,0.0035171829450285938,8,0.12585332346640407,0.22817010219327588,0.6620455179922694
ccrye / no,East_S_grain,0.6546225338834762,0.24903329659415474,Inf,-1.1137517594540394,0.2653856975313947,8,0.24903329659415474,0.3501350948357367,1.2239009119296227
ccrye / no,West_F_grain,0.6996805114792802,0.24237749327942282,Inf,-1.030945239289303,0.3025665002326469,8,0.24237749327942282,0.395767663053604,1.2369702324002165
ccrye / no,Central_B42_grain,2.2330861271539653,0.8627696230517891,Inf,2.0793811327794924,0.03758233324997958,9,0.8627696230517891,1.1827981802680732,4.215997060595155
ccrye / no,Central_B44_grain,0.837410907332851,0.290287456773582,Inf,-0.51187374135533,0.6087393768236464,9,0.290287456773582,0.47348886711449795,1.481042272426761
ccrye / no,Central_B44_silage,0.38844572132384375,0.13079001461500503,Inf,-2.8084329445799643,0.004978324884572551,9,0.13079001461500503,0.22325838763601696,0.675854018352944
ccrye / no,East_S_grain,0.65280058161110055,0.25779845845437604,Inf,-1.079947233210097,0.28016567826785654,9,0.25779845845437604,0.3409378073607778,1.2499306036213345
ccrye / no,West_F_grain,0.6994235028679734,0.2527384183599244,Inf,-0.9893355350254199,0.3224990035004561,9,0.2527384183599244,0.3860181884300738,1.2672802759725974
ccrye / no,Central_B42_grain,3.0070523862306144,1.1049612877265107,Inf,2.996164128152185,0.0027339923663400206,10,1.1049612877265107,1.6430396659024262,5.503436247577617
ccrye / no,Central_B44_grain,0.8328831029856963,0.2741572606005784,Inf,-0.5555302541738278,0.5785320223244237,10,0.2741572606005784,0.484667214682712,1.4312795300033032
ccrye / no,Central_B44_silage,0.3885252003564943,0.12387301067177506,Inf,-2.96521939872708,0.0030246713392457236,10,0.12387301067177506,0.22996597870619825,0.6564094052577589
ccrye / no,East_S_grain,0.653166804289735,0.24524775774576568,Inf,-1.1343573415964285,0.2566446852093599,10,0.24524775774576568,0.35221128789059297,1.2112810943145795
ccrye / no,West_F_grain,0.6996537809799896,0.23830221745881375,Inf,-1.0486478437277638,0.2943402272424947,10,0.23830221745881375,0.39955368650575895,1.2251555417260296
ccrye / no,Central_B42_grain,2.324422825638668,0.8431052093486451,Inf,2.325433401119576,0.020048797204626982,11,0.8431052093486451,1.2799962295909377,4.221060458964575
ccrye / no,Central_B44_grain,0.8673809822153982,0.33117609865404113,Inf,-0.3726366153036565,0.709418917409461,11,0.33117609865404113,0.4628736639048521,1.6253890142766931
ccrye / no,Central_B44_silage,0.3885451734512713,0.13302904731282986,Inf,-2.7611230069140253,0.005760297658297138,11,0.13302904731282986,0.22124017947883046,0.6823686012545652
ccrye / no,East_S_grain,0.6532209403384401,0.26190406775629405,Inf,-1.0620969592952794,0.28819167037279203,11,0.26190406775629405,0.33778973481800684,1.2632047481446722
ccrye / no,West_F_grain,0.6993871112246339,0.2573347426298141,Inf,-0.9717556071907377,0.33117214554946883,11,0.2573347426298141,0.3818361781035267,1.2810266794953042
ccrye / no,Central_B42_grain,2.3297704568637423,0.8258476831136512,Inf,2.385971903369319,0.017034052400433437,12,0.8258476831136512,1.300447755942378,4.1738165619285335
ccrye / no,Central_B44_grain,0.967047070094176,0.35876422501279837,Inf,-0.0903209286055118,0.9280321894995193,12,0.35876422501279837,0.5253285565890026,1.7801812295336152
ccrye / no,Central_B44_silage,0.38910298714598407,0.12983614409550315,Inf,-2.828786072032323,0.004672492071595475,12,0.12983614409550315,0.22474989416671468,0.6736427403770954
ccrye / no,East_S_grain,0.6530498023009661,0.2557232255374587,Inf,-1.0881520504264486,0.27652798860219385,12,0.2557232255374587,0.34294038006906485,1.2435807186060832
ccrye / no,West_F_grain,0.699442235867395,0.25031102155161705,Inf,-0.9988815537373745,0.3178520730543703,12,0.25031102155161705,0.3882446235861415,1.2600804018774399
ccrye / no,Central_B42_grain,2.3359489095153765,0.8060301986180782,Inf,2.4587931792361823,0.013940490097264814,13,0.8060301986180782,1.3242598305589413,4.120533736617941
ccrye / no,Central_B44_grain,1.0048509517831858,0.36217092877070306,Inf,0.01342652953147476,0.9892875012426915,13,0.36217092877070306,0.5554353310424386,1.8178991844190509
ccrye / no,Central_B44_silage,0.38880220567742063,0.12586819696754914,Inf,-2.9180955880347046,0.0035217637219365472,13,0.12586819696754914,0.22828091525104527,0.662197954539413
ccrye / no,East_S_grain,0.6525979990057065,0.2485655799205676,Inf,-1.1205287756877784,0.262488497237445,13,0.2485655799205676,0.34878624302864725,1.2210462907256134
ccrye / no,West_F_grain,0.699496263211676,0.24219905257669502,Inf,-1.032193740235656,0.30198136691590927,13,0.24219905257669502,0.39577009641709654,1.2363112490728385
ccrye / no,Central_B42_grain,2.3253567381886433,0.8385310393826296,Inf,2.340171980902537,0.01927486176141657,14,0.8385310393826296,1.2849682514889293,4.20810705134057
ccrye / no,Central_B44_grain,0.8272558380859766,0.3114894571864508,Inf,-0.5036505995740149,0.6145069286287683,14,0.3114894571864508,0.44531044483521987,1.5367980463619382
ccrye / no,Central_B44_silage,0.3885361713351623,0.13216162853602695,Inf,-2.779248856804123,0.005448476651512384,14,0.13216162853602695,0.22204606599929508,0.6798605314460548
ccrye / no,East_S_grain,0.6531241162837874,0.2603047360830724,Inf,-1.068836101540321,0.2851435287741572,14,0.2603047360830724,0.3390696119019565,1.2580635252999999
ccrye / no,West_F_grain,0.699387793879242,0.25552086537125623,Inf,-0.9786521352805887,0.32775188967750524,14,0.25552086537125623,0.38346915736534115,1.2755739981488352
ccrye / no,Central_B42_grain,2.358495304692036,0.7564428729124113,Inf,2.6752121723426883,0.00746819697620495,15,0.7564428729124113,1.3916193435004864,3.9971419829954633
ccrye / no,Central_B44_grain,0.6071194774724564,0.19797031433189993,Inf,-1.5303841703753804,0.1259216648768213,15,0.19797031433189993,0.3550893967343333,1.038031727548877
ccrye / no,Central_B44_silage,0.38959434120924,0.11612703532680602,Inf,-3.1624918820501273,0.001564250968923639,15,0.11612703532680602,0.23860793891235385,0.636121963896664
ccrye / no,East_S_grain,0.6531512502646023,0.23058823376108648,Inf,-1.2065122274372728,0.227620047321393,15,0.23058823376108648,0.36544299988474094,1.1673682512916184
ccrye / no,West_F_grain,0.6999325687106083,0.2214361582585344,Inf,-1.1277103058103215,0.25944228383381757,15,0.2214361582585344,0.41596669753017673,1.1777519778642607
ccrye / no,Central_B42_grain,2.3388940473275595,0.7979280112410717,Inf,2.4905846501906455,0.012753311166663978,16,0.7979280112410717,1.3344594612350373,4.099356723479208
ccrye / no,Central_B44_grain,1.0012846915315616,0.35552927605023804,Inf,0.0036157821061959102,0.9971150295685334,16,0.35552927605023804,0.5583554921806703,1.7955783502368534
ccrye / no,Central_B44_silage,0.38787051776261106,0.12396244987289756,Inf,-2.9633639071933495,0.0030429658705656048,16,0.12396244987289756,0.22928836587209653,0.6561324556404122
ccrye / no,East_S_grain,0.6523870451417202,0.24559773177505584,Inf,-1.1345616625285788,0.2565590238859679,16,0.24559773177505584,0.3512211748452673,1.2117972581130663
ccrye / no,West_F_grain,0.69959650149665,0.23884869906977407,Inf,-1.046402706449057,0.2953751437297166,16,0.23884869906977407,0.398989675711901,1.2266865402797023
ccrye / no,Central_B42_grain,2.32547391818419,0.8380476720785422,Inf,2.3417795632669036,0.01919204652663704,17,0.8380476720785422,1.2855108466795968,4.206754815117314
ccrye / no,Central_B44_grain,0.8608063926290235,0.3236071319860893,Inf,-0.3987011543043834,0.690113417235136,17,0.3236071319860893,0.4638270730345229,1.5975515201024937
ccrye / no,Central_B44_silage,0.3883585944981106,0.13200880971793238,Inf,-2.7825394109649113,0.005393531422071312,17,0.13200880971793238,0.22203147176649277,0.6792838723294399
ccrye / no,East_S_grain,0.653091438551094,0.26012526423306526,Inf,-1.0696456445239906,0.2847788413918602,17,0.26012526423306526,0.3391948114007193,1.2574733243924638
ccrye / no,West_F_grain,0.6994046686162181,0.25533293967083087,Inf,-0.9793299659917418,0.3274169687468254,17,0.25533293967083087,0.3836534926215824,1.2750226438434977
ccrye / no,Central_B42_grain,2.325866163874849,0.83694905306369,Inf,2.345717709572512,0.01899048430493668,18,0.83694905306369,1.2868556416800974,4.203776427630338
ccrye / no,Central_B44_grain,0.8185648856150584,0.30739907389027127,Inf,-0.533114253433544,0.5939544929695542,18,0.30739907389027127,0.4413569453989942,1.5181554951089717
ccrye / no,Central_B44_silage,0.38850649352813776,0.1318384391686275,Inf,-2.7860742097140827,0.0053350656434945415,18,0.1318384391686275,0.22232361666095238,0.678908061052781
ccrye / no,East_S_grain,0.653096985447437,0.25973267650763765,Inf,-1.0712501635458305,0.28405696160765276,18,0.25973267650763765,0.33953512896221866,1.256234292175382
ccrye / no,West_F_grain,0.6993847909786652,0.2548662524736363,Inf,-0.9811733302646647,0.32650727355871056,18,0.2548662524736363,0.38405734452022505,1.2736095086615702
ccrye / no,Central_B42_grain,2.3345195059420547,0.8133867265067302,Inf,2.4333072964884823,0.01496159706370298,19,0.8133867265067302,1.3161500051301058,4.140851196581644
ccrye / no,Central_B44_grain,0.7028372831640978,0.25633314466852475,Inf,-0.9668723229478521,0.33360786408621596,19,0.25633314466852475,0.38576472284378666,1.2805220834190292
ccrye / no,Central_B44_silage,0.3872767287377758,0.12677662948238605,Inf,-2.897827601704569,0.0037575707606698904,19,0.12677662948238605,0.22603501051494926,0.6635399723261602
ccrye / no,East_S_grain,0.6530055079804115,0.251207507087483,Inf,-1.107813911939226,0.2679421906231365,19,0.251207507087483,0.34682478968386943,1.229485913741729
ccrye / no,West_F_grain,0.699460939160827,0.2451128831461462,Inf,-1.0200159260395671,0.30772090766111754,19,0.2451128831461462,0.39303632831371926,1.2447846933406959
ccrye / no,Central_B42_grain,2.3254838179017128,0.8379571321182373,Inf,2.342054373237766,0.01917792075418888,20,0.8379571321182373,1.2856018909918048,4.206492713814155
ccrye / no,Central_B44_grain,0.8326021022659896,0.3109377743167129,Inf,-0.4905554558766168,0.6237408980187721,20,0.3109377743167129,0.4504649609274719,1.5389127253548134
ccrye / no,Central_B44_silage,0.3884198785533298,0.13201032894571244,Inf,-2.7824822022648683,0.005394482396067256,20,0.13201032894571244,0.222084670652941,0.6793355057411999
ccrye / no,East_S_grain,0.6531518984562497,0.2601198771537412,Inf,-1.069534379621871,0.28482894590637864,20,0.2601198771537412,0.33925138746684025,1.2574964118568306
ccrye / no,West_F_grain,0.6994203443727839,0.2553029285428592,Inf,-0.9794056382603372,0.3273795923366368,20,0.2553029285428592,0.3836943345340511,1.2749440742110574
ccrye / no,Central_B42_grain,2.3309756045955723,0.8258515286163923,Inf,2.3886546635650285,0.016910189022522525,21,0.8258515286163923,1.3015092051781365,4.174728267462405
ccrye / no,Central_B44_grain,0.8337367173828802,0.2864678012122307,Inf,-0.5292207150785467,0.5966523481852302,21,0.2864678012122307,0.47378522978144516,1.4671561505474426
ccrye / no,Central_B44_silage,0.47074178616459517,0.16938187786427383,Inf,-2.0939566449731313,0.036263842534065616,21,0.16938187786427383,0.26046278605025014,0.850784991598306
ccrye / no,East_S_grain,0.6537253118828297,0.25580411828241334,Inf,-1.086291069707242,0.27735023673105086,21,0.25580411828241334,0.343453762151225,1.2442920430381974
ccrye / no,West_F_grain,0.6995459772402707,0.25028418548240894,Inf,-0.9987223012926535,0.3179292342472664,21,0.25028418548240894,0.3883606113523822,1.2600777729979837
ccrye / no,Central_B42_grain,2.3363398252592233,0.8068539998132886,Inf,2.4571783291153975,0.014003315509068462,22,0.8068539998132886,1.3238392033414148,4.12322264313891
ccrye / no,Central_B44_grain,0.8364795341865924,0.2796395245214296,Inf,-0.5341023183824462,0.5932707458437109,22,0.2796395245214296,0.48266305549053573,1.449661421469078
ccrye / no,Central_B44_silage,0.3258605185522999,0.11331332081061701,Inf,-3.2245351625997194,0.0012617736022611898,22,0.11331332081061701,0.18391895148286877,0.5773471232575208
ccrye / no,East_S_grain,0.6528711601710921,0.24887163291067343,Inf,-1.1185214116209907,0.263344366987209,22,0.24887163291067343,0.3487546936345161,1.2221792553990243
ccrye / no,West_F_grain,0.6995664163158509,0.24250671182199843,Inf,-1.030698325078728,0.30268231045357724,22,0.24250671182199843,0.3955461600721013,1.2372593144319604
ccrye / no,Central_B42_grain,2.341444183493027,0.7952708795791292,Inf,2.5048390792007518,0.012250711650318538,23,0.7952708795791292,1.3392286645625693,4.093670490695497
ccrye / no,Central_B44_grain,0.8357655316732787,0.2745214111880294,Inf,-0.5461953876579642,0.5849316362994654,23,0.2745214111880294,0.48690447055788505,1.4345812498554118
ccrye / no,Central_B44_silage,0.30947356124191583,0.1051112433551717,Inf,-3.4532572165813518,5.538606132645502e-4,23,0.1051112433551717,0.17700993233518492,0.5410650342851778
ccrye / no,East_S_grain,0.6532021725765131,0.24472529844055269,Inf,-1.136696088205184,0.25566535519333017,23,0.24472529844055269,0.352705862289309,1.209713599567834
ccrye / no,West_F_grain,0.6996500152293386,0.23769445355244778,Inf,-1.0513393286529005,0.2931027702381948,23,0.23769445355244778,0.4001216297234116,1.2234033539971154
ccrye / no,Central_B42_grain,2.325339576787835,0.8382744804500926,Inf,2.3408504563308425,0.019239871820601457,24,0.8382744804500926,1.2851863574702524,4.207330801440588
ccrye / no,Central_B44_grain,0.8382834853456436,0.2933042372247885,Inf,-0.5041602061131082,0.6141488017807322,24,0.2933042372247885,0.47146455950100424,1.4905027061779452
ccrye / no,Central_B44_silage,0.4027116329068348,0.14668948551210917,Inf,-2.4969760591413293,0.01252574129535115,24,0.14668948551210917,0.2212018379162227,0.7331614457015116
ccrye / no,East_S_grain,0.6531002133641197,0.26021779047430577,Inf,-1.0692459533353555,0.28495885702725393,24,0.26021779047430577,0.3391233192804373,1.2577722157276139
ccrye / no,West_F_grain,0.6994513720629393,0.2554488417343637,Inf,-0.9787681561091667,0.32769454720357905,24,0.2554488417343637,0.3835899304027702,1.2754042353693529
ccrye / no,Central_B42_grain,2.3391431541627066,0.7982598979170764,Inf,2.4901263895201033,0.012769767518904311,25,0.7982598979170764,1.3343698982620351,4.100505191845822
ccrye / no,Central_B44_grain,0.8399124204099861,0.2773645315208657,Inf,-0.5282908727524003,0.5972974655793346,25,0.2773645315208657,0.4879032443547652,1.4458868271964411
ccrye / no,Central_B44_silage,0.47120227802597475,0.1622642422163544,Inf,-2.1851058642174945,0.02888108538421785,25,0.1622642422163544,0.2674311342682351,0.8302383618287649
ccrye / no,East_S_grain,0.6524672412519774,0.24570427424039507,Inf,-1.1338826882087885,0.2568437597585018,25,0.24570427424039507,0.3511967442572903,1.2121795200785919
ccrye / no,West_F_grain,0.6995760888791968,0.238947658170204,Inf,-1.0460242503867254,0.2955498362338567,25,0.238947658170204,0.39887867707667085,1.2269562958800178
ccrye / no,Central_B42_grain,2.32621533473632,0.8390324375519568,Inf,2.3406605721839675,0.019249658816919334,26,0.8390324375519568,1.2852683954771922,4.210231732612797
ccrye / no,Central_B44_grain,0.8363729211787034,0.29285875619205187,Inf,-0.510292710446869,0.6098464089191001,26,0.29285875619205187,0.47018377600965405,1.4877579767163953
ccrye / no,Central_B44_silage,0.33910772521581883,0.12525700016512387,Inf,-2.927770844493605,0.003414015653581914,26,0.12525700016512387,0.1847039853213379,0.6225856421072178
ccrye / no,East_S_grain,0.65356878069723,0.2605117098782704,Inf,-1.067006567404609,0.2859688703412837,26,0.2605117098782704,0.339275055076472,1.259014315113101
ccrye / no,West_F_grain,0.699404552540357,0.2556616537930076,Inf,-0.9780710950989872,0.32803916263510635,26,0.2556616537930076,0.3833569155305897,1.2760086183319272
ccrye / no,Central_B42_grain,2.3275718270574988,0.8329701055170144,Inf,2.360699656242133,0.018240496661285834,27,0.8329701055170144,1.291985814939049,4.1932276248461475
ccrye / no,Central_B44_grain,0.8364104930022267,0.29040041088732466,Inf,-0.5145062595147268,0.6068980851727421,27,0.29040041088732466,0.47249582660865697,1.4806109883032992
ccrye / no,Central_B44_silage,0.35403153675085386,0.12889801891564578,Inf,-2.851986989792962,0.004344687880935609,27,0.12889801891564578,0.19451657678902104,0.6443580854814097
ccrye / no,East_S_grain,0.6530959190645168,0.2582634985813535,Inf,-1.0773465309139592,0.2813254818531842,27,0.2582634985813535,0.34079288213004066,1.2515938620336788
ccrye / no,West_F_grain,0.6993673279817351,0.2531857549566063,Inf,-0.9877300899709016,0.32328485384572075,27,0.2531857549566063,0.3855628943125033,1.2685729531117136
ccrye / no,Central_B42_grain,2.325093876820836,0.8389392036962118,Inf,2.3384557147812135,0.019363620413093557,28,0.8389392036962118,1.284365929673811,4.209128731250847
ccrye / no,Central_B44_grain,0.8384771220512468,0.2936861763081009,Inf,-0.5029614426969211,0.6149913809848864,28,0.2936861763081009,0.471282900269484,1.4917661638080533
ccrye / no,Central_B44_silage,0.4040458032706923,0.14758700847467088,Inf,-2.480958407412889,0.013102966136407773,28,0.14758700847467088,0.22156315765746457,0.7368238152348741
ccrye / no,East_S_grain,0.6531714573092265,0.26047991806143933,Inf,-1.0680129407676502,0.28551467447263673,28,0.26047991806143933,0.33896073458884407,1.2586500709616417
ccrye / no,West_F_grain,0.6994179215081167,0.25572473779460575,Inf,-0.9777962293123227,0.32817511634419133,28,0.25572473779460575,0.38331177784065723,1.276207664900108
ccrye / no,Central_B42_grain,2.3383854561413693,0.8024942784844502,Inf,2.4752408026909514,0.013314636899975247,29,0.8024942784844502,1.3297285354699373,4.112152515070322
ccrye / no,Central_B44_grain,0.832063482718768,0.2763848830218611,Inf,-0.5534745260253188,0.5799385192885169,29,0.2763848830218611,0.48180571890082224,1.4369477407896825
ccrye / no,Central_B44_silage,0.47683628240828674,0.16425334359583663,Inf,-2.149949544836244,0.03155920600630652,29,0.16425334359583663,0.27058301153380154,0.8403071535499992
ccrye / no,East_S_grain,0.6529632957582366,0.24729187561691737,Inf,-1.1254530369340672,0.26039710730171195,29,0.24729187561691737,0.350225727401209,1.2173893356470378
ccrye / no,West_F_grain,0.6995793043764794,0.24067911233307465,Inf,-1.0384905276023753,0.29904174297886166,29,0.24067911233307465,0.39726099385570157,1.231963899505445
ccrye / no,Central_B42_grain,2.325955024467508,0.8374362675428415,Inf,2.344548666841802,0.019050124191173055,30,0.8374362675428415,1.2864905765597283,4.205290636728166
ccrye / no,Central_B44_grain,0.8387219232006192,0.29311314966336366,Inf,-0.50325654904324435,0.6147839113271566,30,0.29311314966336366,0.4720299382491099,1.4902751021824028
ccrye / no,Central_B44_silage,0.37847218540653205,0.13850139927577965,Inf,-2.6550517325950236,0.007929624672080929,30,0.13850139927577965,0.2073090259227832,0.6909549378701423
ccrye / no,East_S_grain,0.6529863312609312,0.2598382150126516,Inf,-1.071059447596496,0.28414270058070834,30,0.2598382150126516,0.339349744580234,1.2564946802628194
ccrye / no,West_F_grain,0.6993743869237733,0.25502784466712486,Inf,-0.9805778423999969,0.3268009654412062,30,0.25502784466712486,0.3839022778864938,1.2740860402751257
ccrye / no,Central_B42_grain,2.3264555872008112,0.8357613740503412,Inf,2.3503517901097553,0.018755675361464483,31,0.8357613740503412,1.2884562786757587,4.200682389301241
ccrye / no,Central_B44_grain,0.8377680189456705,0.29204763239415493,Inf,-0.5077825957100899,0.6116058166760552,31,0.29204763239415493,0.4721713366468608,1.4864418889812332
ccrye / no,Central_B44_silage,0.3884481386932613,0.13156726275018443,Inf,-2.7918408172429015,0.005240913194180472,31,0.13156726275018443,0.222526959858841,0.6780839344139551
ccrye / no,East_S_grain,0.6481404004444189,0.28594031099341233,Inf,-0.982949020704633,0.3256325296453931,31,0.28594031099341233,0.31370301660221805,1.3391199843670278
ccrye / no,West_F_grain,0.6993843252413016,0.25434620197652935,Inf,-0.9831806686288415,0.32551852729635306,31,0.25434620197652935,0.3845269573806925,1.2720523880175452
ccrye / no,Central_B42_grain,2.324193013362262,0.8551876964076145,Inf,2.2920832252736414,0.021900841178754436,32,0.8551876964076145,1.2688974514723887,4.257139264558998
ccrye / no,Central_B44_grain,0.8385468405625578,0.30011471338300505,Inf,-0.4919964837157581,0.6227218293110168,32,0.30011471338300505,0.4654383661863438,1.510749553327387
ccrye / no,Central_B44_silage,0.38870624913438045,0.13535981477341766,Inf,-2.7135138068757376,0.006657379392844508,32,0.13535981477341766,0.21921080308228424,0.6892568522702053
ccrye / no,East_S_grain,0.49923117662567645,0.22179323038864823,Inf,-1.5636587009429717,0.11789774140559814,32,0.22179323038864823,0.24040159106717185,1.036730940958782
ccrye / no,West_F_grain,0.6995341781596316,0.2621400747818723,Inf,-0.9535817093187491,0.3402954178802432,32,0.2621400747818723,0.37767351804523003,1.2956907038286625
ccrye / no,Central_B42_grain,2.3316502705243427,0.8269602301140293,Inf,2.3869585958910973,0.01698840443182504,33,0.8269602301140293,1.3010874374564854,4.17849932873406
ccrye / no,Central_B44_grain,0.8360002368289997,0.2876752305992744,Inf,-0.5205512409659284,0.6026794234749435,33,0.2876752305992744,0.4746700401152442,1.47238362844316
ccrye / no,Central_B44_silage,0.38860776716183865,0.12984665526915906,Inf,-2.8287685679205876,0.00467274761931798,33,0.12984665526915906,0.2242969285810115,0.6732860661708344
ccrye / no,East_S_grain,0.9419829938482475,0.41646721334290476,Inf,-0.13518589753783253,0.8924648968709561,33,0.41646721334290476,0.4552144222268445,1.949261529014404
ccrye / no,West_F_grain,0.6995679204081553,0.2507201776000745,Inf,-0.9969293153741674,0.31879882099383505,33,0.2507201776000745,0.38798202921522995,1.2613864519810092
ccrye / no,Central_B42_grain,2.328732572178904,0.8269546612521681,Inf,2.380461705671387,0.017290958123249676,34,0.8269546612521681,1.298514983685857,4.176305595899792
ccrye / no,Central_B44_grain,0.8369242540487101,0.288159904800483,Inf,-0.5170416979651024,0.6051270510378045,34,0.288159904800483,0.47503901424520756,1.4744940647199827
ccrye / no,Central_B44_silage,0.38844715030557936,0.12985772937711576,Inf,-2.82859487757984,0.004675284061985356,34,0.12985772937711576,0.22414276790677487,0.6731923139419952
ccrye / no,East_S_grain,0.5995501594600643,0.26653768123326765,Inf,-1.150738817241032,0.24983970200567046,34,0.26653768123326765,0.28857036358557453,1.2456594268454448
ccrye / no,West_F_grain,0.6994649471022887,0.2508053645992237,Inf,-0.996854551149909,0.31883511495503497,34,0.2508053645992237,0.3878135588801475,1.2615629366790886
ccrye / no,Central_B42_grain,2.3264882186809586,0.8354105224677127,Inf,2.3514109204259728,0.018702367134058016,35,0.8354105224677127,1.2888046860098192,4.199664612035762
ccrye / no,Central_B44_grain,0.8377366464309317,0.29190872840791937,Inf,-0.5081126700412945,0.6113743302770307,35,0.29190872840791937,0.4722723020258265,1.4860128060928828
ccrye / no,Central_B44_silage,0.38845027662281545,0.13150779075095367,Inf,-2.793102491820125,0.005220514818490064,35,0.13150779075095367,0.22258491301298697,0.6779148477126918
ccrye / no,East_S_grain,0.679303293776441,0.3004948491203673,Inf,-0.8741518979798414,0.38203553770201987,35,0.3004948491203673,0.3281446463978257,1.4062486467509818
ccrye / no,West_F_grain,0.6994108996997839,0.2542301268986128,Inf,-0.9835624079510121,0.32533071616658377,35,0.2542301268986128,0.38465529793621933,1.2717246044534465
ccrye / no,Central_B42_grain,2.324143974014271,0.8561592368996324,Inf,2.2893766622282157,0.022057476916240094,36,0.8561592368996324,1.267982331798423,4.260031923540693
ccrye / no,Central_B44_grain,0.8386298174785178,0.3005063849900978,Inf,-0.49112771316369985,0.623336121706441,36,0.3005063849900978,0.46515406417102767,1.511972107601457
ccrye / no,Central_B44_silage,0.3886729216658641,0.13551971782837952,Inf,-2.710325597182858,0.00672171877487204,36,0.13551971782837952,0.21903297174010353,0.6896981711754752
ccrye / no,East_S_grain,0.8670807727502281,0.38627381615836726,Inf,-0.3201505768997446,0.7488541868207257,36,0.38627381615836726,0.41670147683214637,1.8042390254738183
ccrye / no,West_F_grain,0.6994207545945358,0.262454382434222,Inf,-0.9527174276684263,0.3407332608346068,36,0.262454382434222,0.37729554983910624,1.2965681470831012
ccrye / no,Central_B42_grain,2.325092786990194,0.841161424405421,Inf,2.3322754811750763,0.019686203535720384,37,0.841161424405421,1.2823474344120203,4.21575021171435
ccrye / no,Central_B44_grain,0.8383472700759246,0.29445800846179965,Inf,-0.5020063467374695,0.6156630565293926,37,0.29445800846179965,0.4704548940296959,1.4939288636657089
ccrye / no,Central_B44_silage,0.3884793903987657,0.13261821935385612,Inf,-2.7697035494927187,0.005610733393029824,37,0.13261821935385612,0.22156670438963272,0.6811322900719109
ccrye / no,East_S_grain,0.6306352043932957,0.2899577118478777,Inf,-1.0026989802586899,0.3160061220778558,37,0.2899577118478777,0.2960255200421572,1.3434678231915176
ccrye / no,West_F_grain,0.6993214026484565,0.2564942594140433,Inf,-0.9751044369445884,0.32950845796255723,37,0.2564942594140433,0.38253406861835065,1.2784493312414587
ccrye / no,Central_B42_grain,2.3324490364129655,0.8195563577257051,Inf,2.410322279928198,0.015938434388753312,38,0.8195563577257051,1.3086079621744617,4.1573325737861255
ccrye / no,Central_B44_grain,0.8357083777026498,0.2845974584434601,Inf,-0.5270223690992211,0.5981780546685982,38,0.2845974584434601,0.47729310684993037,1.4632695979453714
ccrye / no,Central_B44_silage,0.3885129634318411,0.1283924857532721,Inf,-2.86084750244348,0.004225102305535415,38,0.1283924857532721,0.22559676733791295,0.6690801669533688
ccrye / no,East_S_grain,0.4885043489715464,0.21503124902365048,Inf,-1.6275210706978374,0.10362647723013026,38,0.21503124902365048,0.2368227509077761,1.007658673203423
ccrye / no,West_F_grain,0.6995000015619947,0.247715516811247,Inf,-1.0091977558996332,0.31287980266887067,38,0.247715516811247,0.3906726758208122,1.252455783238998
ccrye / no,Central_B42_grain,2.325254915031669,0.8378515210871404,Inf,2.341845837012608,0.01918863909400712,39,0.8378515210871404,1.2854963781074242,4.206009843325367
ccrye / no,Central_B44_grain,0.838238258830436,0.29315027044787884,Inf,-0.5045520573888547,0.6138734902052763,39,0.29315027044787884,0.47156693545268585,1.490018331952326
ccrye / no,Central_B44_silage,0.3884626152461256,0.13201374369469057,Inf,-2.7823926223211113,0.005395971777854357,39,0.13201374369469057,0.22211955478825116,0.6793782906134354
ccrye / no,East_S_grain,0.6529373189887291,0.2600306198698188,Inf,-1.0703750836058659,0.28445051000676747,39,0.2600306198698188,0.33914318028354407,1.2570712528311916
ccrye / no,West_F_grain,0.6962790156929807,0.2845559955709596,Inf,-0.8857882446505152,0.37573164555235755,39,0.2845559955709596,0.3555017103662219,1.3637190864566087
ccrye / no,Central_B42_grain,2.3258147464432595,0.8374972972316208,Inf,2.344068935312878,0.019074645523495595,40,0.8374972972316208,1.2863115207550417,4.205368720943814
ccrye / no,Central_B44_grain,0.8379455451714595,0.29283928672533077,Inf,-0.5059108909402058,0.6129192064193902,40,0.29283928672533077,0.47159534424712224,1.4888881861071919
ccrye / no,Central_B44_silage,0.38846042075027637,0.1319172796633485,Inf,-2.7844281424258623,0.005362220111862701,40,0.1319172796633485,0.22220834251373855,0.6790991588452712
ccrye / no,East_S_grain,0.6529248959317788,0.2598546151097663,Inf,-1.071127498260797,0.2841121054605433,40,0.2598546151097663,0.3392829029294772,1.2565057538903943
ccrye / no,West_F_grain,0.7048419705937573,0.2863723016909508,Inf,-0.8609100481329987,0.38928758708584205,40,0.2863723016909508,0.3612901015512585,1.3750783688160542
ccrye / no,Central_B42_grain,2.3286853148993565,0.8277040394385815,Inf,2.3782011505613347,0.01739733266759813,41,0.8277040394385815,1.2977861164691264,4.178481513257057
ccrye / no,Central_B44_grain,0.8369180116536911,0.2884577022392202,Inf,-0.5165257034109163,0.6054872916423257,41,0.2884577022392202,0.474755517147775,1.4753525402683159
ccrye / no,Central_B44_silage,0.38844343912297513,0.1300017532665692,Inf,-2.825462740141165,0.004721237859993227,41,0.1300017532665692,0.22400279573147128,0.6736000990745021
ccrye / no,East_S_grain,0.6528505389345048,0.25637343521340705,Inf,-1.0858382361079757,0.27755056656165417,41,0.25637343521340705,0.3422072841828469,1.2454843771219684
ccrye / no,West_F_grain,0.78546639569047,0.3148310642566188,Inf,-0.6024581561181575,0.546869208473902,41,0.3148310642566188,0.40625724133347,1.5186374444278719
ccrye / no,Central_B42_grain,2.334052213718342,0.8103084434002319,Inf,2.441485651473764,0.014626969575139951,42,0.8103084434002319,1.318592943898862,4.131525018066036
ccrye / no,Central_B44_grain,0.8350547537382846,0.28062252033151236,Inf,-0.536397739486656,0.5916836933658566,42,0.28062252033151236,0.4804578799223349,1.4513581125022388
ccrye / no,Central_B44_silage,0.3884232482972431,0.12656121202787227,Inf,-2.9022810529608645,0.0037045601625467603,42,0.12656121202787227,0.22727200882963036,0.6638416257009468
ccrye / no,East_S_grain,0.6522363055666847,0.25000707905484115,Inf,-1.11489686857451,0.26489461876497816,42,0.25000707905484115,0.34720735553437465,1.2252395910349905
ccrye / no,West_F_grain,0.6073874041940377,0.24111994967934502,Inf,-1.2559572661373875,0.2091314641824418,42,0.24111994967934502,0.31614302548806106,1.1669384709785517
ccrye / no,Central_B42_grain,2.327767439656638,0.8333471677638744,Inf,2.360064565143407,0.018271754660588335,43,0.8333471677638744,1.291814074438286,4.194490027894861
ccrye / no,Central_B44_grain,0.8372652307406333,0.29086271142758147,Inf,-0.5112733111954594,0.6091596904791299,43,0.29086271142758147,0.4728248849646863,1.4826061167646079
ccrye / no,Central_B44_silage,0.3885404951789977,0.13112287135457995,Inf,-2.8012643026167168,0.005090280999224834,43,0.13112287135457995,0.22302853238377793,0.6768807326148246
ccrye / no,East_S_grain,0.6534379651565767,0.2584740932158091,Inf,-1.0757088553204737,0.2820574858122545,43,0.2584740932158091,0.34090671218522683,1.2524868506430975
ccrye / no,West_F_grain,0.8391924840925798,0.33844802568333227,Inf,-0.43469947685440685,0.6637805781736068,43,0.33844802568333227,0.4322773116252959,1.629148711760111
ccrye / no,Central_B42_grain,2.3259529581248564,0.8372955791987072,Inf,2.344938063457215,0.019030240569672646,44,0.8372955791987072,1.2866167574349103,4.204870745034939
ccrye / no,Central_B44_grain,0.83799943204496,0.2927672973192811,Inf,-0.5058837667842471,0.6129382488044698,44,0.2927672973192811,0.4717097546991241,1.4887185204715452
ccrye / no,Central_B44_silage,0.38845184888601614,0.13187114477433207,Inf,-2.785405807456728,0.0053460769790743936,44,0.13187114477433207,0.22224411211800166,0.6789598944373648
ccrye / no,East_S_grain,0.6530034284549464,0.25980378624850176,Inf,-1.0711636209961881,0.28409586582814766,44,0.25980378624850176,0.3393938773579908,1.2563970832158993
ccrye / no,West_F_grain,0.7245471859928422,0.29431988470509035,Inf,-0.7932022082955963,0.42766002112873036,44,0.29431988470509035,0.3714399939831515,1.4133336022882848
ccrye / no,Central_B42_grain,2.3289639942632188,0.8270013149221347,Inf,2.3808438126659897,0.017273033855123823,45,0.8270013149221347,1.298676610581384,4.176615827512492
ccrye / no,Central_B44_grain,0.836860672463718,0.2881496128497712,Inf,-0.5172415303869249,0.604987564227638,45,0.2881496128497712,0.4749920956706835,1.47441566185972
ccrye / no,Central_B44_silage,0.38846390760204136,0.12987215913366618,Inf,-2.828273577579506,0.004679979370654639,45,0.12987215913366618,0.22414405878166954,0.6732465198037549
ccrye / no,East_S_grain,0.6529416058721097,0.2561487463839525,Inf,-1.0865867621937648,0.27721947799621,45,0.2561487463839525,0.34247965063531877,1.2448410873112568
ccrye / no,West_F_grain,0.7999696940011018,0.32008500587604777,Inf,-0.5577842779587857,0.5769916998195932,45,0.32008500587604777,0.4142346844471501,1.5449008384566223
ccrye / no,Central_B42_grain,2.3415027580966936,0.7974487775690009,Inf,2.4981341027603916,0.01248489543110051,46,0.7974487775690009,1.337233451956269,4.099983557959721
ccrye / no,Central_B44_grain,0.8327203607588265,0.274376093033723,Inf,-0.5555717990591177,0.5785036145006641,46,0.274376093033723,0.484311849238848,1.431770047154751
ccrye / no,Central_B44_silage,0.3885851975479915,0.12402155912241401,Inf,-2.9616413160551978,0.003060040328499352,46,0.12402155912241401,0.22987552487135096,0.6568705208521756
ccrye / no,East_S_grain,0.6539203270788508,0.2456397225459979,Inf,-1.130784454767342,0.2581458244035375,46,0.2456397225459979,0.35252091703351984,1.2130111250285083
ccrye / no,West_F_grain,0.4927725779978414,0.18769287951970942,Inf,-1.858029227540698,0.06316486388211051,46,0.18769287951970942,0.2633639782347355,0.922012248046351
